match_id,result,toss,bat,opposition,country
3315,1,0,1,IND,PAK
3316,1,1,1,PAK,IND
3317,1,1,1,SLK,AUS
3318,1,1,1,IND,ENG
3319,1,1,2,AUS,SLK
3320,1,1,1,ENG,IND
3321,1,0,2,AUS,SLK
3322,1,1,2,ENG,IND
3323,1,1,2,SOA,NZL
3325,1,0,1,SOA,NZL
3326,1,0,1,SLK,AUS
3327,1,1,2,ENG,IND
3328,1,0,2,NZL,SOA
3329,1,1,2,IND,ENG
3330,1,0,2,WIN,AUS
3331,1,0,1,WIN,AUS
3332,1,1,1,WIN,AUS
3333,1,0,2,WIN,AUS
3334,1,0,1,WIN,AUS
3335,1,1,2,ENG,NZL
3336,1,1,2,NZL,ENG
3338,1,1,2,NZL,ENG
3343,1,0,1,PAK,SOA
3346,1,0,2,SOA,PAK
3347,1,0,1,PAK,SOA
3348,1,0,2,SOA,PAK
3349,1,1,2,BAN,SLK
3350,1,0,2,PAK,SOA
3352,1,0,2,SLK,BAN
3360,1,1,2,ENG,NZL
3361,1,1,1,ENG,NZL
3362,1,0,1,NZL,ENG
3363,1,0,1,SOA,IND
3364,1,1,2,PAK,WIN
3365,1,1,1,AUS,ENG
3366,1,0,2,SLK,NZL
3367,1,1,1,PAK,SOA
3368,1,1,2,WIN,IND
3370,1,1,2,ENG,SLK
3372,1,1,2,PAK,IND
3373,1,0,1,NZL,ENG
3374,1,0,1,AUS,SLK
3375,1,1,2,SOA,ENG
3376,1,1,2,SLK,IND
3377,1,0,1,ENG,IND
3378,1,1,2,SLK,WIN
3380,1,1,2,IND,WIN
3382,1,0,1,IND,SLK
3383,1,0,1,WIN,IND
3385,1,0,1,WIN,SLK
3387,1,0,1,SLK,IND
3388,1,1,2,SLK,IND
3389,1,0,1,WIN,PAK
3390,1,0,1,PAK,WIN
3392,1,0,1,SOA,SLK
3393,1,1,2,WIN,PAK
3394,1,1,1,SOA,SLK
3396,1,1,2,WIN,PAK
3398,1,1,1,SLK,SOA
3400,1,0,2,SOA,SLK
3401,1,1,1,SOA,SLK
3412,1,0,1,ENG,AUS
3415,1,1,2,AUS,ENG
3416,1,1,1,ENG,AUS
3419,1,1,1,IND,AUS
3420,1,0,2,AUS,IND
3421,1,1,2,IND,AUS
3423,1,0,1,NZL,BAN
3424,1,1,2,AUS,IND
3425,1,1,1,PAK,SOA
3426,1,1,1,NZL,BAN
3427,1,1,1,SOA,PAK
3428,1,0,1,AUS,IND
3429,1,1,2,NZL,BAN
3430,1,1,1,PAK,SOA
3431,1,1,1,PAK,SOA
3433,1,1,1,PAK,SOA
3434,1,0,2,SLK,NZL
3435,1,0,1,NZL,SLK
3436,1,0,2,WIN,IND
3437,1,1,2,IND,WIN
3438,1,1,1,SOA,PAK
3439,1,1,2,WIN,IND
3440,1,0,1,SOA,PAK
3441,1,1,2,PAK,SOA
3442,1,0,1,IND,SOA
3443,1,0,1,IND,SOA
3445,1,1,1,SLK,PAK
3446,1,1,2,PAK,SLK
3447,1,0,1,SLK,PAK
3448,1,0,2,SLK,PAK
3449,1,1,2,NZL,WIN
3450,1,0,2,PAK,SLK
3451,1,0,1,WIN,NZL
3452,1,1,1,WIN,NZL
3453,1,0,1,NZL,WIN
3454,1,0,2,ENG,AUS
3455,1,0,2,ENG,AUS
3456,1,0,1,IND,NZL
3457,1,0,2,ENG,AUS
3458,1,0,1,IND,NZL
3461,1,0,1,AUS,ENG
3463,1,1,1,ENG,AUS
3465,1,0,2,IND,NZL
3467,1,0,1,IND,NZL
3469,1,0,1,BAN,SLK
3470,1,1,1,BAN,SLK
3471,1,1,2,BAN,SLK
3473,1,1,1,PAK,SLK
3474,1,1,2,BAN,IND
3475,1,0,1,AFG,PAK
3476,1,1,2,IND,SLK
3477,1,0,1,ENG,WIN
3478,1,0,1,BAN,AFG
3479,1,1,2,IND,PAK
3480,1,1,2,WIN,ENG
3481,1,1,1,AFG,SLK
3482,1,0,2,BAN,PAK
3483,1,1,2,AFG,IND
3484,1,0,1,WIN,ENG
3485,1,0,2,BAN,SLK
3486,1,0,2,PAK,SLK
3492,1,0,1,SLK,ENG
3493,1,0,1,ENG,SLK
3494,1,1,2,SLK,ENG
3495,1,0,1,ENG,SLK
3496,1,0,2,ENG,SLK
3497,1,0,2,BAN,IND
3498,1,0,1,BAN,IND
3500,1,1,1,SLK,SOA
3501,1,1,1,SOA,SLK
3502,1,1,1,SLK,SOA
3509,1,1,2,BAN,WIN
3511,1,0,1,BAN,WIN
3512,1,1,2,SLK,PAK
3514,1,1,1,BAN,WIN
3515,1,1,1,PAK,SLK
3516,1,1,2,AUS,SOA
3517,1,0,1,ENG,IND
3519,1,0,2,PAK,SLK
3520,1,1,2,ENG,IND
3522,1,0,1,SOA,AUS
3523,1,1,2,ENG,IND
3525,1,0,1,IND,ENG
3526,1,1,2,AUS,SOA
3530,1,1,1,PAK,AUS
3531,1,0,1,IND,WIN
3532,1,0,2,PAK,AUS
3533,1,1,1,WIN,IND
3534,1,1,1,PAK,AUS
3535,1,0,1,WIN,IND
3536,1,1,2,NZL,SOA
3537,1,0,1,NZL,SOA
3539,1,0,1,SLK,IND
3540,1,0,2,SLK,IND
3543,1,0,2,SLK,IND
3544,1,1,1,SLK,IND
3545,1,0,1,SOA,AUS
3546,1,0,2,AUS,SOA
3547,1,0,2,SLK,IND
3548,1,1,1,SOA,AUS
3549,1,0,2,SOA,AUS
3551,1,0,2,SOA,AUS
3554,1,0,1,ENG,SLK
3557,1,0,2,ENG,SLK
3561,1,0,2,SLK,ENG
3563,1,0,2,ENG,SLK
3564,1,1,2,NZL,PAK
3565,1,1,2,SLK,ENG
3566,1,0,2,PAK,NZL
3567,1,1,1,ENG,SLK
3568,1,1,1,NZL,PAK
3569,1,1,1,ENG,SLK
3570,1,1,1,PAK,NZL
3571,1,1,1,PAK,NZL
3574,1,0,2,SLK,NZL
3577,1,0,2,NZL,SLK
3578,1,0,2,ENG,AUS
3579,1,1,1,WIN,SOA
3582,1,0,2,IND,AUS
3583,1,0,1,WIN,SOA
3585,1,0,2,SLK,NZL
3586,1,0,2,IND,ENG
3587,1,0,2,WIN,SOA
3588,1,0,1,SLK,NZL
3589,1,1,2,ENG,AUS
3590,1,1,1,SLK,NZL
3591,1,1,2,SOA,WIN
3593,1,0,1,WIN,SOA
3594,1,1,1,NZL,SLK
3595,1,1,2,IND,ENG
3596,1,1,2,PAK,NZL
3597,1,0,1,ENG,AUS
3598,1,1,1,PAK,NZL
3599,1,0,1,SLK,NZL
3600,1,0,1,ENG,AUS
3602,1,1,1,PAK,IND
3605,1,1,1,AFG,BAN
3607,1,0,2,ENG,NZL
3608,1,0,1,PAK,WIN
3609,1,1,2,AFG,SLK
3610,1,1,1,SOA,IND
3615,1,1,1,BAN,SLK
3616,1,1,1,WIN,SOA
3617,1,0,2,AUS,NZL
3619,1,0,2,ENG,SLK
3623,1,0,1,AFG,AUS
3625,1,0,2,WIN,IND
3626,1,0,1,SOA,PAK
3628,1,0,2,AFG,NZL
3629,1,1,1,SLK,AUS
3630,1,0,1,ENG,BAN
3634,1,1,2,BAN,NZL
3635,1,1,2,AFG,ENG
3640,1,0,2,SLK,SOA
3641,1,1,1,BAN,IND
3642,1,0,2,PAK,AUS
3643,1,1,1,WIN,NZL
3644,1,0,2,SOA,NZL
3645,1,1,1,IND,AUS
3646,1,0,2,NZL,AUS
3647,1,1,1,PAK,BAN
3648,1,0,2,PAK,BAN
3649,1,0,2,PAK,BAN
3654,1,0,1,NZL,ENG
3655,1,1,1,ENG,NZL
3656,1,0,2,ENG,NZL
3657,1,0,2,NZL,ENG
3658,1,1,1,IND,BAN
3659,1,1,2,NZL,ENG
3660,1,0,2,IND,BAN
3661,1,0,1,BAN,IND
3663,1,0,2,BAN,SOA
3664,1,1,2,SLK,PAK
3666,1,0,2,SOA,BAN
3668,1,0,2,SOA,BAN
3669,1,0,2,PAK,SLK
3670,1,1,1,SLK,PAK
3671,1,0,2,SLK,PAK
3672,1,1,1,PAK,SLK
3676,1,0,1,NZL,SOA
3677,1,0,2,SOA,NZL
3678,1,1,1,NZL,SOA
3680,1,1,1,ENG,AUS
3681,1,0,1,ENG,AUS
3682,1,1,1,AUS,ENG
3683,1,0,2,AUS,ENG
3684,1,0,2,ENG,AUS
3689,1,1,1,IND,SOA
3692,1,1,1,SOA,IND
3695,1,1,1,IND,SOA
3698,1,1,1,SOA,IND
3700,1,1,1,IND,SOA
3701,1,1,2,WIN,SLK
3702,1,0,2,WIN,SLK
3704,1,1,2,WIN,SLK
3707,1,0,2,ENG,PAK
3708,1,1,1,PAK,ENG
3710,1,0,2,PAK,ENG
3712,1,1,1,PAK,ENG
3714,1,0,2,SLK,NZL
3715,1,0,2,SLK,NZL
3717,1,0,2,NZL,SLK
3721,1,0,1,SLK,NZL
3723,1,0,2,IND,AUS
3724,1,0,2,IND,AUS
3725,1,1,2,IND,AUS
3726,1,1,1,IND,AUS
3727,1,1,2,AUS,IND
3728,1,0,1,PAK,NZL
3730,1,0,2,PAK,NZL
3731,1,0,1,AUS,NZL
3732,1,1,1,SOA,ENG
3733,1,0,2,NZL,AUS
3734,1,0,2,SOA,ENG
3735,1,0,1,AUS,NZL
3736,1,0,2,ENG,SOA
3737,1,1,2,ENG,SOA
3738,1,1,2,ENG,SOA
3739,1,0,2,SOA,WIN
3740,1,1,2,WIN,AUS
3741,1,1,1,AUS,SOA
3743,1,1,1,SOA,AUS
3745,1,1,2,AUS,WIN
3747,1,0,1,WIN,SOA
3752,1,1,2,WIN,AUS
3753,1,0,2,SLK,ENG
3754,1,0,1,SOA,WIN
3756,1,1,1,WIN,AUS
3757,1,1,2,SLK,ENG
3758,1,0,1,SLK,ENG
3768,1,1,2,SLK,AUS
3769,1,1,1,AUS,SLK
3770,1,0,2,PAK,ENG
3771,1,0,2,PAK,ENG
3772,1,0,2,SLK,AUS
3773,1,1,1,PAK,ENG
3774,1,0,2,SLK,AUS
3775,1,0,2,PAK,ENG
3776,1,0,2,SLK,AUS
3777,1,1,2,ENG,PAK
3781,1,1,1,AFG,BAN
3783,1,1,2,BAN,AFG
3784,1,0,1,WIN,PAK
3785,1,1,2,AUS,SOA
3786,1,1,1,AFG,BAN
3787,1,0,1,AUS,SOA
3788,1,1,1,WIN,PAK
3789,1,1,1,WIN,PAK
3790,1,0,2,AUS,SOA
3791,1,1,1,BAN,ENG
3792,1,0,2,AUS,SOA
3793,1,0,1,ENG,BAN
3794,1,1,2,BAN,ENG
3795,1,1,1,AUS,SOA
3796,1,1,2,NZL,IND
3797,1,0,1,IND,NZL
3798,1,1,2,NZL,IND
3799,1,1,1,IND,NZL
3800,1,1,1,NZL,IND
3805,1,0,1,SLK,WIN
3808,1,0,1,WIN,SLK
3811,1,1,1,NZL,AUS
3812,1,0,1,NZL,AUS
3813,1,1,1,NZL,AUS
3814,1,1,1,BAN,NZL
3815,1,0,1,BAN,NZL
3816,1,0,2,BAN,NZL
3817,1,1,1,PAK,AUS
3818,1,0,2,AUS,PAK
3819,1,1,2,ENG,IND
3820,1,1,2,PAK,AUS
3821,1,0,1,ENG,IND
3822,1,1,1,PAK,AUS
3824,1,0,1,IND,ENG
3826,1,1,1,PAK,AUS
3828,1,1,2,SLK,SOA
3829,1,0,1,AUS,NZL
3830,1,0,1,SLK,SOA
3831,1,1,2,SLK,SOA
3832,1,1,1,AUS,NZL
3833,1,1,1,SLK,SOA
3834,1,0,1,SLK,SOA
3836,1,1,2,NZL,SOA
3839,1,0,1,SOA,NZL
3841,1,1,1,NZL,SOA
3843,1,0,2,SOA,NZL
3845,1,0,1,WIN,ENG
3846,1,1,2,NZL,SOA
3848,1,0,2,WIN,ENG
3849,1,0,1,WIN,ENG
3855,1,0,1,SLK,BAN
3858,1,0,1,BAN,SLK
3861,1,1,2,PAK,WIN
3862,1,0,1,WIN,PAK
3863,1,0,2,WIN,PAK
3868,1,1,2,BAN,NZL
3871,1,1,2,NZL,BAN
3872,1,0,1,SOA,ENG
3873,1,0,1,SOA,ENG
3874,1,1,2,ENG,SOA
3875,1,1,2,BAN,ENG
3877,1,0,1,SLK,SOA
3878,1,0,1,PAK,IND
3880,1,0,1,NZL,ENG
3881,1,0,2,SOA,PAK
3882,1,1,2,IND,SLK
3883,1,0,2,NZL,BAN
3884,1,1,1,WIN,AFG
3885,1,1,2,AUS,ENG
3886,1,1,2,SOA,IND
3887,1,0,2,AFG,WIN
3888,1,1,2,SLK,PAK
3889,1,1,2,ENG,PAK
3891,1,1,2,BAN,IND
3894,1,0,1,IND,PAK
3896,1,0,1,WIN,IND
3898,1,0,1,WIN,IND
3900,1,1,1,IND,WIN
3902,1,0,2,WIN,IND
3905,1,1,2,SLK,IND
3906,1,1,2,SLK,IND
3907,1,0,2,SLK,IND
3908,1,1,1,SLK,IND
3909,1,0,2,SLK,IND
3910,1,1,1,AUS,IND
3911,1,0,2,WIN,ENG
3912,1,1,1,AUS,IND
3914,1,0,2,AUS,IND
3915,1,0,1,WIN,ENG
3916,1,1,2,WIN,ENG
3917,1,1,1,IND,AUS
3918,1,1,2,WIN,ENG
3919,1,0,2,AUS,IND
3922,1,0,1,SLK,PAK
3923,1,0,2,BAN,SOA
3924,1,1,1,SLK,PAK
3925,1,0,1,BAN,SOA
3926,1,0,2,SLK,PAK
3927,1,0,2,SLK,PAK
3928,1,0,2,IND,NZL
3929,1,1,1,BAN,SOA
3930,1,0,2,SLK,PAK
3931,1,0,2,NZL,IND
3932,1,0,1,NZL,IND
3939,1,1,2,IND,SLK
3941,1,0,1,SLK,IND
3942,1,1,2,SLK,IND
3943,1,1,2,WIN,NZL
3944,1,0,1,WIN,NZL
3945,1,1,1,WIN,NZL
3946,1,0,1,PAK,NZL
3947,1,0,2,PAK,NZL
3949,1,1,1,PAK,NZL
3951,1,1,2,AUS,ENG
3953,1,0,2,PAK,NZL
3957,1,1,1,PAK,NZL
3958,1,0,2,AUS,ENG
3959,1,1,1,SLK,BAN
3960,1,0,1,AUS,ENG
3965,1,0,2,BAN,SLK
3966,1,1,2,ENG,AUS
3967,1,1,1,BAN,SLK
3968,1,0,1,AUS,ENG
3969,1,0,2,SOA,IND
3970,1,1,2,SOA,IND
3971,1,0,1,SOA,IND
3973,1,0,2,IND,SOA
3976,1,0,1,SOA,IND
3978,1,1,2,SOA,IND
3980,1,1,2,ENG,NZL
3981,1,1,2,NZL,ENG
3982,1,0,1,NZL,ENG
3989,1,1,2,ENG,NZL
3992,1,1,2,NZL,ENG
3997,1,0,2,WIN,AFG
4007,1,0,2,WIN,AFG
4009,1,0,2,AUS,ENG
4010,1,0,1,AUS,ENG
4011,1,0,1,AUS,ENG
4012,1,0,2,AUS,ENG
4013,1,0,2,AUS,ENG
4014,1,1,2,ENG,IND
4016,1,1,1,IND,ENG
4018,1,1,2,IND,ENG
4022,1,1,1,WIN,BAN
4023,1,0,1,BAN,WIN
4024,1,1,1,WIN,BAN
4025,1,0,2,SLK,SOA
4027,1,0,2,SLK,SOA
4029,1,0,1,SLK,SOA
4030,1,0,1,SOA,SLK
4031,1,1,1,SOA,SLK
4036,1,1,1,SLK,BAN
4038,1,1,1,SLK,AFG
4040,1,0,2,PAK,IND
4041,1,1,1,BAN,AFG
4042,1,1,2,BAN,IND
4043,1,0,2,AFG,PAK
4044,1,0,2,PAK,IND
4045,1,1,1,AFG,BAN
4047,1,1,1,PAK,BAN
4048,1,1,2,BAN,IND
4053,1,0,1,SLK,ENG
4054,1,1,2,SLK,ENG
4055,1,1,2,SLK,ENG
4056,1,1,2,WIN,IND
4058,1,1,1,ENG,SLK
4062,1,0,1,IND,WIN
4063,1,1,1,WIN,IND
4064,1,0,2,WIN,IND
4065,1,1,2,AUS,SOA
4066,1,1,1,PAK,NZL
4067,1,0,1,SOA,AUS
4068,1,0,2,NZL,PAK
4069,1,0,1,AUS,SOA
4071,1,0,2,WIN,BAN
4072,1,1,2,BAN,WIN
4073,1,1,2,WIN,BAN
4074,1,1,1,SLK,NZL
4075,1,1,1,SLK,NZL
4076,1,0,1,SLK,NZL
4077,1,1,1,IND,AUS
4078,1,0,2,AUS,IND
4079,1,1,2,AUS,IND
4080,1,0,2,SOA,PAK
4081,1,1,2,PAK,SOA
4082,1,0,2,NZL,IND
4084,1,0,2,PAK,SOA
4085,1,1,1,NZL,IND
4087,1,1,2,SOA,PAK
4088,1,0,2,NZL,IND
4090,1,1,2,PAK,SOA
4091,1,1,2,IND,NZL
4092,1,1,1,NZL,IND
4093,1,0,2,BAN,NZL
4094,1,1,2,BAN,NZL
4095,1,0,1,BAN,NZL
4096,1,0,2,WIN,ENG
4097,1,0,1,ENG,WIN
4099,1,0,1,WIN,ENG
4102,1,0,2,AUS,IND
4103,1,1,2,ENG,WIN
4104,1,1,2,SLK,SOA
4106,1,0,1,AUS,IND
4107,1,0,1,SLK,SOA
4109,1,0,1,IND,AUS
4111,1,0,2,IND,AUS
4112,1,0,1,SLK,SOA
4113,1,1,1,IND,AUS
4114,1,1,2,SLK,SOA
4115,1,0,2,SLK,SOA
4116,1,0,2,PAK,AUS
4117,1,0,2,PAK,AUS
4118,1,1,1,PAK,AUS
4119,1,0,1,PAK,AUS
4120,1,0,1,PAK,AUS
4129,1,0,2,WIN,BAN
4133,1,0,1,PAK,ENG
4134,1,0,2,WIN,BAN
4135,1,1,2,PAK,ENG
4137,1,1,2,WIN,BAN
4138,1,1,2,PAK,ENG
3315,0,1,2,PAK,IND
3316,0,0,2,IND,PAK
3317,0,0,2,AUS,SLK
3318,0,0,2,ENG,IND
3319,0,0,1,SLK,AUS
3320,0,0,2,IND,ENG
3321,0,1,1,SLK,AUS
3322,0,0,1,IND,ENG
3323,0,0,1,NZL,SOA
3325,0,1,2,NZL,SOA
3326,0,1,2,AUS,SLK
3327,0,0,1,IND,ENG
3328,0,1,1,SOA,NZL
3329,0,0,1,ENG,IND
3330,0,1,1,AUS,WIN
3331,0,1,2,AUS,WIN
3332,0,0,2,AUS,WIN
3333,0,1,1,AUS,WIN
3334,0,1,2,AUS,WIN
3335,0,0,1,NZL,ENG
3336,0,0,1,ENG,NZL
3338,0,0,1,ENG,NZL
3343,0,1,2,SOA,PAK
3346,0,1,1,PAK,SOA
3347,0,1,2,SOA,PAK
3348,0,1,1,PAK,SOA
3349,0,0,1,SLK,BAN
3350,0,1,1,SOA,PAK
3352,0,1,1,BAN,SLK
3360,0,0,1,NZL,ENG
3361,0,0,2,NZL,ENG
3362,0,1,2,ENG,NZL
3363,0,1,2,IND,SOA
3364,0,0,1,WIN,PAK
3365,0,0,2,ENG,AUS
3366,0,1,1,NZL,SLK
3367,0,0,2,SOA,PAK
3368,0,0,1,IND,WIN
3370,0,0,1,SLK,ENG
3372,0,0,1,IND,PAK
3373,0,1,2,ENG,NZL
3374,0,1,2,SLK,AUS
3375,0,0,1,ENG,SOA
3376,0,0,1,IND,SLK
3377,0,1,2,IND,ENG
3378,0,0,1,WIN,SLK
3380,0,0,1,WIN,IND
3382,0,1,2,SLK,IND
3383,0,1,2,IND,WIN
3385,0,1,2,SLK,WIN
3387,0,1,2,IND,SLK
3388,0,0,1,IND,SLK
3389,0,1,2,PAK,WIN
3390,0,1,2,WIN,PAK
3392,0,1,2,SLK,SOA
3393,0,0,1,PAK,WIN
3394,0,0,2,SLK,SOA
3396,0,0,1,PAK,WIN
3398,0,0,2,SOA,SLK
3400,0,1,1,SLK,SOA
3401,0,0,2,SLK,SOA
3412,0,1,2,AUS,ENG
3415,0,0,1,ENG,AUS
3416,0,0,2,AUS,ENG
3419,0,0,2,AUS,IND
3420,0,1,1,IND,AUS
3421,0,0,1,AUS,IND
3423,0,1,2,BAN,NZL
3424,0,0,1,IND,AUS
3425,0,0,2,SOA,PAK
3426,0,0,2,BAN,NZL
3427,0,0,2,PAK,SOA
3428,0,1,2,IND,AUS
3429,0,0,1,BAN,NZL
3430,0,0,2,SOA,PAK
3431,0,0,2,SOA,PAK
3433,0,0,2,SOA,PAK
3434,0,1,1,NZL,SLK
3435,0,1,2,SLK,NZL
3436,0,1,1,IND,WIN
3437,0,0,1,WIN,IND
3438,0,0,2,PAK,SOA
3439,0,0,1,IND,WIN
3440,0,1,2,PAK,SOA
3441,0,0,1,SOA,PAK
3442,0,1,2,SOA,IND
3443,0,1,2,SOA,IND
3445,0,0,2,PAK,SLK
3446,0,0,1,SLK,PAK
3447,0,1,2,PAK,SLK
3448,0,1,1,PAK,SLK
3449,0,0,1,WIN,NZL
3450,0,1,1,SLK,PAK
3451,0,1,2,NZL,WIN
3452,0,0,2,NZL,WIN
3453,0,1,2,WIN,NZL
3454,0,1,1,AUS,ENG
3455,0,1,1,AUS,ENG
3456,0,1,2,NZL,IND
3457,0,1,1,AUS,ENG
3458,0,1,2,NZL,IND
3461,0,1,2,ENG,AUS
3463,0,0,2,AUS,ENG
3465,0,1,1,NZL,IND
3467,0,1,2,NZL,IND
3469,0,1,2,SLK,BAN
3470,0,0,2,SLK,BAN
3471,0,0,1,SLK,BAN
3473,0,0,2,SLK,PAK
3474,0,0,1,IND,BAN
3475,0,1,2,PAK,AFG
3476,0,0,1,SLK,IND
3477,0,1,2,WIN,ENG
3478,0,1,2,AFG,BAN
3479,0,0,1,PAK,IND
3480,0,0,1,ENG,WIN
3481,0,0,2,SLK,AFG
3482,0,1,1,PAK,BAN
3483,0,0,1,IND,AFG
3484,0,1,2,ENG,WIN
3485,0,1,1,SLK,BAN
3486,0,1,1,SLK,PAK
3492,0,1,2,ENG,SLK
3493,0,1,2,SLK,ENG
3494,0,0,1,ENG,SLK
3495,0,1,2,SLK,ENG
3496,0,1,1,SLK,ENG
3497,0,1,1,IND,BAN
3498,0,1,2,IND,BAN
3500,0,0,2,SOA,SLK
3501,0,0,2,SLK,SOA
3502,0,0,2,SOA,SLK
3509,0,0,1,WIN,BAN
3511,0,1,2,WIN,BAN
3512,0,0,1,PAK,SLK
3514,0,0,2,WIN,BAN
3515,0,0,2,SLK,PAK
3516,0,0,1,SOA,AUS
3517,0,1,2,IND,ENG
3519,0,1,1,SLK,PAK
3520,0,0,1,IND,ENG
3522,0,1,2,AUS,SOA
3523,0,0,1,IND,ENG
3525,0,1,2,ENG,IND
3526,0,0,1,SOA,AUS
3530,0,0,2,AUS,PAK
3531,0,1,2,WIN,IND
3532,0,1,1,AUS,PAK
3533,0,0,2,IND,WIN
3534,0,0,2,AUS,PAK
3535,0,1,2,IND,WIN
3536,0,0,1,SOA,NZL
3537,0,1,2,SOA,NZL
3539,0,1,2,IND,SLK
3540,0,1,1,IND,SLK
3543,0,1,1,IND,SLK
3544,0,0,2,IND,SLK
3545,0,1,2,AUS,SOA
3546,0,1,1,SOA,AUS
3547,0,1,1,IND,SLK
3548,0,0,2,AUS,SOA
3549,0,1,1,AUS,SOA
3551,0,1,1,AUS,SOA
3554,0,1,2,SLK,ENG
3557,0,1,1,SLK,ENG
3561,0,1,1,ENG,SLK
3563,0,1,1,SLK,ENG
3564,0,0,1,PAK,NZL
3565,0,0,1,ENG,SLK
3566,0,1,1,NZL,PAK
3567,0,0,2,SLK,ENG
3568,0,0,2,PAK,NZL
3569,0,0,2,SLK,ENG
3570,0,0,2,NZL,PAK
3571,0,0,2,NZL,PAK
3574,0,1,1,NZL,SLK
3577,0,1,1,SLK,NZL
3578,0,1,1,AUS,ENG
3579,0,0,2,SOA,WIN
3582,0,1,1,AUS,IND
3583,0,1,2,SOA,WIN
3585,0,1,1,NZL,SLK
3586,0,1,1,ENG,IND
3587,0,1,1,SOA,WIN
3588,0,1,2,NZL,SLK
3589,0,0,1,AUS,ENG
3590,0,0,2,NZL,SLK
3591,0,0,1,WIN,SOA
3593,0,1,2,SOA,WIN
3594,0,0,2,SLK,NZL
3595,0,0,1,ENG,IND
3596,0,0,1,NZL,PAK
3597,0,1,2,AUS,ENG
3598,0,0,2,NZL,PAK
3599,0,1,2,NZL,SLK
3600,0,1,2,AUS,ENG
3602,0,0,2,IND,PAK
3605,0,0,2,BAN,AFG
3607,0,1,1,NZL,ENG
3608,0,1,2,WIN,PAK
3609,0,0,1,SLK,AFG
3610,0,0,2,IND,SOA
3615,0,0,2,SLK,BAN
3616,0,0,2,SOA,WIN
3617,0,1,1,NZL,AUS
3619,0,1,1,SLK,ENG
3623,0,1,2,AUS,AFG
3625,0,1,1,IND,WIN
3626,0,1,2,PAK,SOA
3628,0,1,1,NZL,AFG
3629,0,0,2,AUS,SLK
3630,0,1,2,BAN,ENG
3634,0,0,1,NZL,BAN
3635,0,0,1,ENG,AFG
3640,0,1,1,SOA,SLK
3641,0,0,2,IND,BAN
3642,0,1,1,AUS,PAK
3643,0,0,2,NZL,WIN
3644,0,1,1,NZL,SOA
3645,0,0,2,AUS,IND
3646,0,1,1,AUS,NZL
3647,0,0,2,BAN,PAK
3648,0,1,1,BAN,PAK
3649,0,1,1,BAN,PAK
3654,0,1,2,ENG,NZL
3655,0,0,2,NZL,ENG
3656,0,1,1,NZL,ENG
3657,0,1,1,ENG,NZL
3658,0,0,2,BAN,IND
3659,0,0,1,ENG,NZL
3660,0,1,1,BAN,IND
3661,0,1,2,IND,BAN
3663,0,1,1,SOA,BAN
3664,0,0,1,PAK,SLK
3666,0,1,1,BAN,SOA
3668,0,1,1,BAN,SOA
3669,0,1,1,SLK,PAK
3670,0,0,2,PAK,SLK
3671,0,1,1,PAK,SLK
3672,0,0,2,SLK,PAK
3676,0,1,2,SOA,NZL
3677,0,1,1,NZL,SOA
3678,0,0,2,SOA,NZL
3680,0,0,2,AUS,ENG
3681,0,1,2,AUS,ENG
3682,0,0,2,ENG,AUS
3683,0,1,1,ENG,AUS
3684,0,1,1,AUS,ENG
3689,0,0,2,SOA,IND
3692,0,0,2,IND,SOA
3695,0,0,2,SOA,IND
3698,0,0,2,IND,SOA
3700,0,0,2,SOA,IND
3701,0,0,1,SLK,WIN
3702,0,1,1,SLK,WIN
3704,0,0,1,SLK,WIN
3707,0,1,1,PAK,ENG
3708,0,0,2,ENG,PAK
3710,0,1,1,ENG,PAK
3712,0,0,2,ENG,PAK
3714,0,1,1,NZL,SLK
3715,0,1,1,NZL,SLK
3717,0,1,1,SLK,NZL
3721,0,1,2,NZL,SLK
3723,0,1,1,AUS,IND
3724,0,1,1,AUS,IND
3725,0,0,1,AUS,IND
3726,0,0,2,AUS,IND
3727,0,0,1,IND,AUS
3728,0,1,2,NZL,PAK
3730,0,1,1,NZL,PAK
3731,0,1,2,NZL,AUS
3732,0,0,2,ENG,SOA
3733,0,1,1,AUS,NZL
3734,0,1,1,ENG,SOA
3735,0,1,2,NZL,AUS
3736,0,1,1,SOA,ENG
3737,0,0,1,SOA,ENG
3738,0,0,1,SOA,ENG
3739,0,1,1,WIN,SOA
3740,0,0,1,AUS,WIN
3741,0,0,2,SOA,AUS
3743,0,0,2,AUS,SOA
3745,0,0,1,WIN,AUS
3747,0,1,2,SOA,WIN
3752,0,0,1,AUS,WIN
3753,0,1,1,ENG,SLK
3754,0,1,2,WIN,SOA
3756,0,0,2,AUS,WIN
3757,0,0,1,ENG,SLK
3758,0,1,2,ENG,SLK
3768,0,0,1,AUS,SLK
3769,0,0,2,SLK,AUS
3770,0,1,1,ENG,PAK
3771,0,1,1,ENG,PAK
3772,0,1,1,AUS,SLK
3773,0,0,2,ENG,PAK
3774,0,1,1,AUS,SLK
3775,0,1,1,ENG,PAK
3776,0,1,1,AUS,SLK
3777,0,0,1,PAK,ENG
3781,0,0,2,BAN,AFG
3783,0,0,1,AFG,BAN
3784,0,1,2,PAK,WIN
3785,0,0,1,SOA,AUS
3786,0,0,2,BAN,AFG
3787,0,1,2,SOA,AUS
3788,0,0,2,PAK,WIN
3789,0,0,2,PAK,WIN
3790,0,1,1,SOA,AUS
3791,0,0,2,ENG,BAN
3792,0,1,1,SOA,AUS
3793,0,1,2,BAN,ENG
3794,0,0,1,ENG,BAN
3795,0,0,2,SOA,AUS
3796,0,0,1,IND,NZL
3797,0,1,2,NZL,IND
3798,0,0,1,IND,NZL
3799,0,0,2,NZL,IND
3800,0,0,2,IND,NZL
3805,0,1,2,WIN,SLK
3808,0,1,2,SLK,WIN
3811,0,0,2,AUS,NZL
3812,0,1,2,AUS,NZL
3813,0,0,2,AUS,NZL
3814,0,0,2,NZL,BAN
3815,0,1,2,NZL,BAN
3816,0,1,1,NZL,BAN
3817,0,0,2,AUS,PAK
3818,0,1,1,PAK,AUS
3819,0,0,1,IND,ENG
3820,0,0,1,AUS,PAK
3821,0,1,2,IND,ENG
3822,0,0,2,AUS,PAK
3824,0,1,2,ENG,IND
3826,0,0,2,AUS,PAK
3828,0,0,1,SOA,SLK
3829,0,1,2,NZL,AUS
3830,0,1,2,SOA,SLK
3831,0,0,1,SOA,SLK
3832,0,0,2,NZL,AUS
3833,0,0,2,SOA,SLK
3834,0,1,2,SOA,SLK
3836,0,0,1,SOA,NZL
3839,0,1,2,NZL,SOA
3841,0,0,2,SOA,NZL
3843,0,1,1,NZL,SOA
3845,0,1,2,ENG,WIN
3846,0,0,1,SOA,NZL
3848,0,1,1,ENG,WIN
3849,0,1,2,ENG,WIN
3855,0,1,2,BAN,SLK
3858,0,1,2,SLK,BAN
3861,0,0,1,WIN,PAK
3862,0,1,2,PAK,WIN
3863,0,1,1,PAK,WIN
3868,0,0,1,NZL,BAN
3871,0,0,1,BAN,NZL
3872,0,1,2,ENG,SOA
3873,0,1,2,ENG,SOA
3874,0,0,1,SOA,ENG
3875,0,0,1,ENG,BAN
3877,0,1,2,SOA,SLK
3878,0,1,2,IND,PAK
3880,0,1,2,ENG,NZL
3881,0,1,1,PAK,SOA
3882,0,0,1,SLK,IND
3883,0,1,1,BAN,NZL
3884,0,0,2,AFG,WIN
3885,0,0,1,ENG,AUS
3886,0,0,1,IND,SOA
3887,0,1,1,WIN,AFG
3888,0,0,1,PAK,SLK
3889,0,0,1,PAK,ENG
3891,0,0,1,IND,BAN
3894,0,1,2,PAK,IND
3896,0,1,2,IND,WIN
3898,0,1,2,IND,WIN
3900,0,0,2,WIN,IND
3902,0,1,1,IND,WIN
3905,0,0,1,IND,SLK
3906,0,0,1,IND,SLK
3907,0,1,1,IND,SLK
3908,0,0,2,IND,SLK
3909,0,1,1,IND,SLK
3910,0,0,2,IND,AUS
3911,0,1,1,ENG,WIN
3912,0,0,2,IND,AUS
3914,0,1,1,IND,AUS
3915,0,1,2,ENG,WIN
3916,0,0,1,ENG,WIN
3917,0,0,2,AUS,IND
3918,0,0,1,ENG,WIN
3919,0,1,1,IND,AUS
3922,0,1,2,PAK,SLK
3923,0,1,1,SOA,BAN
3924,0,0,2,PAK,SLK
3925,0,1,2,SOA,BAN
3926,0,1,1,PAK,SLK
3927,0,1,1,PAK,SLK
3928,0,1,1,NZL,IND
3929,0,0,2,SOA,BAN
3930,0,1,1,PAK,SLK
3931,0,1,1,IND,NZL
3932,0,1,2,IND,NZL
3939,0,0,1,SLK,IND
3941,0,1,2,IND,SLK
3942,0,0,1,IND,SLK
3943,0,0,1,NZL,WIN
3944,0,1,2,NZL,WIN
3945,0,0,2,NZL,WIN
3946,0,1,2,NZL,PAK
3947,0,1,1,NZL,PAK
3949,0,0,2,NZL,PAK
3951,0,0,1,ENG,AUS
3953,0,1,1,NZL,PAK
3957,0,0,2,NZL,PAK
3958,0,1,1,ENG,AUS
3959,0,0,2,BAN,SLK
3960,0,1,2,ENG,AUS
3965,0,1,1,SLK,BAN
3966,0,0,1,AUS,ENG
3967,0,0,2,SLK,BAN
3968,0,1,2,ENG,AUS
3969,0,1,1,IND,SOA
3970,0,0,1,IND,SOA
3971,0,1,2,IND,SOA
3973,0,1,1,SOA,IND
3976,0,1,2,IND,SOA
3978,0,0,1,IND,SOA
3980,0,0,1,NZL,ENG
3981,0,0,1,ENG,NZL
3982,0,1,2,ENG,NZL
3989,0,0,1,NZL,ENG
3992,0,0,1,ENG,NZL
3997,0,1,1,AFG,WIN
4007,0,1,1,AFG,WIN
4009,0,1,1,ENG,AUS
4010,0,1,2,ENG,AUS
4011,0,1,2,ENG,AUS
4012,0,1,1,ENG,AUS
4013,0,1,1,ENG,AUS
4014,0,0,1,IND,ENG
4016,0,0,2,ENG,IND
4018,0,0,1,ENG,IND
4022,0,0,2,BAN,WIN
4023,0,1,2,WIN,BAN
4024,0,0,2,BAN,WIN
4025,0,1,1,SOA,SLK
4027,0,1,1,SOA,SLK
4029,0,1,2,SOA,SLK
4030,0,1,2,SLK,SOA
4031,0,0,2,SLK,SOA
4036,0,0,2,BAN,SLK
4038,0,0,2,AFG,SLK
4040,0,1,1,IND,PAK
4041,0,0,2,AFG,BAN
4042,0,0,1,IND,BAN
4043,0,1,1,PAK,AFG
4044,0,1,1,IND,PAK
4045,0,0,2,BAN,AFG
4047,0,0,2,BAN,PAK
4048,0,0,1,IND,BAN
4053,0,1,2,ENG,SLK
4054,0,0,1,ENG,SLK
4055,0,0,1,ENG,SLK
4056,0,0,1,IND,WIN
4058,0,0,2,SLK,ENG
4062,0,1,2,WIN,IND
4063,0,0,2,IND,WIN
4064,0,1,1,IND,WIN
4065,0,0,1,SOA,AUS
4066,0,0,2,NZL,PAK
4067,0,1,2,AUS,SOA
4068,0,1,1,PAK,NZL
4069,0,1,2,SOA,AUS
4071,0,1,1,BAN,WIN
4072,0,0,1,WIN,BAN
4073,0,0,1,BAN,WIN
4074,0,0,2,NZL,SLK
4075,0,0,2,NZL,SLK
4076,0,1,2,NZL,SLK
4077,0,0,2,AUS,IND
4078,0,1,1,IND,AUS
4079,0,0,1,IND,AUS
4080,0,1,1,PAK,SOA
4081,0,0,1,SOA,PAK
4082,0,1,1,IND,NZL
4084,0,1,1,SOA,PAK
4085,0,0,2,IND,NZL
4087,0,0,1,PAK,SOA
4088,0,1,1,IND,NZL
4090,0,0,1,SOA,PAK
4091,0,0,1,NZL,IND
4092,0,0,2,IND,NZL
4093,0,1,1,NZL,BAN
4094,0,0,1,NZL,BAN
4095,0,1,2,NZL,BAN
4096,0,1,1,ENG,WIN
4097,0,1,2,WIN,ENG
4099,0,1,2,ENG,WIN
4102,0,1,1,IND,AUS
4103,0,0,1,WIN,ENG
4104,0,0,1,SOA,SLK
4106,0,1,2,IND,AUS
4107,0,1,2,SOA,SLK
4109,0,1,2,AUS,IND
4111,0,1,1,AUS,IND
4112,0,1,2,SOA,SLK
4113,0,0,2,AUS,IND
4114,0,0,1,SOA,SLK
4115,0,1,1,SOA,SLK
4116,0,1,1,AUS,PAK
4117,0,1,1,AUS,PAK
4118,0,0,2,AUS,PAK
4119,0,1,2,AUS,PAK
4120,0,1,2,AUS,PAK
4129,0,1,1,BAN,WIN
4133,0,1,2,ENG,PAK
4134,0,1,1,BAN,WIN
4135,0,0,1,ENG,PAK
4137,0,0,1,BAN,WIN
4138,0,0,1,ENG,PAK
